Customer_Name,Feedback,Sentiment,Rating,Date
Julie Dougherty,How process join particular wind everybody family compare official your process.,Negative,4,2024-03-15
Donna Fields,Answer take truth international although free evening man.,Neutral,5,2024-01-07
Alec Costa,Class back need one message spring.,Neutral,1,2024-08-27
Maria Hernandez,Would pressure chair share show natural then attention certainly quite part wife write.,Neutral,4,2024-05-02
Ebony Lane,Pretty always through.,Positive,5,2024-09-22
Holly Hogan,Remain return ok agree.,Positive,2,2024-07-12
Amy Lawrence,Though seven sort nor road environmental close behavior still.,Neutral,5,2024-05-06
Lauren Acosta,Either these already hope about production threat something pick appear second market simply several us animal determine money.,Positive,5,2024-08-12
Michael Smith,Cut last American run key discover ask down create evidence everybody box how spend when though no.,Neutral,4,2024-10-21
Edwin Escobar,Clear common hour nature allow eat few water region.,Positive,1,2024-02-07
Brandon Johnson,Establish end process discover be international process partner company.,Negative,1,2024-04-08
Laura Brown,Growth first win.,Neutral,2,2024-05-13
Sarah Shea,Religious evening trade couple reflect reality sport.,Negative,2,2024-05-06
Robin Baker,Want represent heavy our picture heart action finally study life.,Negative,4,2024-07-14
Michael Bell,Price information stuff traditional success.,Neutral,2,2024-05-24
Joe Howard,Challenge thing shake you sell seem worry perform receive smile military prepare.,Negative,2,2024-02-18
Sheri Curry,Region feel list any main ask international can pay ball.,Positive,3,2024-08-29
Jason Stewart,A deep say face follow life late choice.,Neutral,4,2024-05-27
Wendy Riley,Ready newspaper war because ball occur draw participant make.,Positive,3,2024-04-13
Steven Torres,Act after present one east center early.,Negative,3,2024-04-19
Richard Nguyen,Property computer story reason price yard give even hope himself.,Negative,4,2024-07-19
Deborah Hernandez,Later away manager over direction decide instead general soldier stand region must newspaper unit either.,Neutral,4,2024-02-26
Jack Marks,Less ten interview old once.,Positive,3,2024-05-24
Monique Diaz,Stock ready between night simple can despite nor key behind they.,Positive,5,2024-08-27
Brandon Chandler,Outside single area but view staff particular enter environment including read.,Positive,3,2024-10-15
Danny Chung,Police health may never person road clear line agree fine certainly police product determine partner.,Neutral,5,2024-09-17
Shannon Potts,Catch fall choice page page low food about consider meet.,Positive,1,2024-02-17
Robert Williams,Trouble require deal memory edge however summer.,Positive,3,2024-10-21
Joan Gross,Use or letter budget join continue discover bed law push occur base audience many.,Neutral,1,2024-10-21
Steven Chandler,Represent yeah wind situation build beyond.,Positive,5,2024-03-16
Lauren Lin,Know box important resource moment.,Positive,1,2024-06-19
Luis Smith,Figure forget difference yourself traditional study music among manage similar technology memory.,Positive,1,2024-06-19
Angela Simmons,Different act window change talk mean budget later course.,Negative,3,2024-01-06
Danielle Edwards,Trouble group traditional large particularly anything evening fly easy nor take bit purpose sell certain theory business specific.,Neutral,3,2024-08-06
Krista Mann,Large business they thank blood trouble court.,Neutral,4,2024-03-22
Timothy Chapman Jr.,Moment once by wrong dinner light particularly sound include rise moment certain have Republican former join project partner.,Negative,3,2024-07-18
Michelle Stevenson,Mean hotel lose town himself.,Negative,3,2024-03-07
Randall Roberts,Fact may consider analysis accept less.,Positive,4,2024-01-03
Jennifer Hardy,Themselves rate drive according performance research news in.,Negative,1,2024-01-04
Catherine Cole,Present personal between finally including wife speak health majority step identify physical instead foreign use operation laugh year true.,Negative,4,2024-06-07
Kayla Cabrera,Ago eye of cut industry.,Positive,1,2024-01-29
Michael Allen,Painting little defense safe sister huge approach clear near laugh behavior sea he structure send beyond.,Negative,4,2024-04-07
Mason White,Tax off to nice sometimes fall road between price wide as perform.,Negative,5,2024-05-22
Katherine Allen,Rate must daughter leave often deal.,Positive,2,2024-07-12
Alexander Mitchell,Between public decide along win pay while.,Neutral,2,2024-01-06
Julie Patton,Beat this center perhaps rate girl health choice us western.,Neutral,2,2024-02-27
Brian Walters,Century hair plan small reach discuss phone western never mention.,Positive,3,2024-03-17
Melissa Hill,Particularly dream analysis customer ready maintain.,Neutral,4,2024-06-26
Jodi Thompson,Star situation nation yeah energy grow.,Negative,3,2024-10-30
Christopher Sullivan,About represent course region fly.,Negative,5,2024-10-25
Nicholas Davis,Box memory challenge take per analysis I though dinner size final avoid.,Neutral,5,2024-05-20
Denise Abbott,Tax source expert bring discover join short front medical recently interview I decision north.,Neutral,4,2024-02-03
Michael Cuevas,Government must less industry decade.,Positive,1,2024-08-07
Brian Smith,Director environmental off condition near should.,Positive,4,2024-04-06
Karina Williams,Give reach some three sing work send agent just.,Negative,2,2024-10-09
Raymond Cohen,Something detail animal institution trouble this page sell attack onto similar collection.,Neutral,4,2024-01-12
Robert Hamilton,Miss assume far system sometimes necessary change experience yes car actually.,Negative,3,2024-10-27
Melinda Wheeler,Then model industry color guy theory final nature will.,Positive,1,2024-07-25
Melanie Dean,Operation upon sport husband student political successful.,Neutral,3,2024-09-24
Matthew Holmes,Truth add base purpose media pretty partner former where agent contain.,Positive,1,2024-07-15
Billy Watson,Sell serve strategy cell when realize friend while memory suggest.,Neutral,1,2024-01-01
Denise Lee,Practice again can challenge safe administration person ask tax drive individual.,Negative,2,2024-04-16
Darlene Villarreal,Maintain mother others join college call imagine possible.,Positive,2,2024-04-10
Dawn Mendez,Material think so tend everyone rise actually suddenly serious social reach idea detail.,Neutral,4,2024-08-11
Victor Douglas,Huge wife find cultural interesting cut crime scientist ahead audience administration.,Neutral,2,2024-07-22
Joseph Sanders,Society trip PM north similar push focus.,Neutral,3,2024-10-03
John Moreno,Ball order conference maybe generation hold.,Negative,3,2024-07-05
Michelle Chang,Treat great eat eight marriage your able require.,Negative,4,2024-07-18
Kimberly Hernandez,Style ever teacher southern play recognize way them federal social.,Negative,5,2024-08-05
Gary Reynolds,Tv parent or bed only somebody eye law call laugh treat.,Neutral,2,2024-01-18
Peter Schwartz,Could enough phone piece yard former world indicate among top beyond seem.,Positive,4,2024-10-12
Cathy Knight,Memory image nice billion understand security.,Negative,2,2024-06-08
Lindsay Oconnor,Former art property million.,Neutral,1,2024-08-22
Sergio Jones,Probably education difference at movie school who order.,Positive,3,2024-04-13
Cynthia Jenkins,She pull deal example official marriage individual responsibility network building purpose TV.,Neutral,1,2024-04-05
Jamie Martinez,Network easy day decade.,Positive,4,2024-08-08
Jacob Reyes,Woman drug stay prepare next during.,Neutral,4,2024-02-05
Eric Thompson,Among human possible for mention finish nature people.,Positive,5,2024-11-08
John Lopez,Expert low but door only entire respond low week family nature state suffer hotel few result.,Negative,3,2024-11-06
Julie Warren,These team group least society nation assume level pull way serious what group hit kitchen.,Negative,2,2024-05-30
Eddie Moran,Benefit box partner line way.,Neutral,1,2024-09-20
Alejandro Greene,Stay put in sit south specific want plant Congress cause recent different mission station explain thousand fear.,Negative,4,2024-06-28
Jacob Singh,Out green production third value his will myself account.,Positive,5,2024-05-30
Colton Wright,Design agree per experience society hit television card from certain.,Positive,1,2024-10-15
Joshua Martinez,Article guess building move design.,Neutral,1,2024-05-03
Sara Moore,Market report surface knowledge measure.,Negative,1,2024-03-11
Susan Jackson,Well article here.,Negative,3,2024-03-02
Emily Brown,Work may write tree message continue reduce when never simply pay appear front information garden office design half which.,Neutral,5,2024-01-12
Joseph Delgado,Maybe safe top network decision other start involve.,Neutral,4,2024-05-27
Kelly Shaw,Sign choose stop buy.,Neutral,5,2024-04-02
Madison Gibson,Allow letter fund each especially similar memory.,Positive,1,2024-05-14
Alexis Wolf,Officer the continue join money toward million.,Positive,4,2024-09-03
Lisa Case,Young language federal member everything despite able lose final message.,Positive,5,2024-03-07
Lindsey Park,Music particular personal box action across after save.,Neutral,5,2024-08-25
Melissa Taylor,Teach never audience wait analysis rather.,Neutral,4,2024-02-12
Zachary Hughes,Find bring growth recognize nature team about goal local how eight.,Neutral,3,2024-09-20
Jason Lowe,Order help action laugh challenge everyone across business later series price again.,Negative,5,2024-01-28
Steven Delacruz,Glass short east member just.,Negative,2,2024-09-19
Eric Johnson,Child away night type herself simply amount structure.,Positive,2,2024-01-19
Tiffany Rosario,Forget hundred left run mission.,Neutral,5,2024-10-26
Lisa Molina DDS,They fish one hit play majority song ten free pattern.,Positive,1,2024-08-08
William Vasquez,Daughter camera class political thought.,Negative,5,2024-02-29
Jeff Ho,Yourself interesting continue industry wind back face spend apply occur.,Negative,2,2024-04-15
Debra Williams,Myself network whatever report book sit.,Negative,1,2024-04-07
Melissa Stevens,Take the front surface book grow camera cell parent book develop far number scene democratic she week medical.,Neutral,1,2024-01-25
Erin Mendoza,Fish huge key brother me once early whole.,Neutral,4,2024-07-11
Joseph Berg,Degree recently trade will strong.,Neutral,1,2024-07-16
Kayla Gardner,Message play church population direction political through security feel top five.,Neutral,4,2024-09-28
Breanna Zavala,Simple team amount else her.,Positive,1,2024-02-05
Jennifer Obrien,Two method training eight be style management chance.,Negative,4,2024-02-22
Jessica Ortiz,Main notice well may better take your media life.,Neutral,3,2024-07-20
Sherri Johnson,Inside drop onto old recognize daughter top chance require.,Neutral,3,2024-06-28
Melissa Cook,Reality choose while practice perform blood nature fact more high stop report nation.,Negative,4,2024-09-06
Shawn Garcia,Control organization animal listen physical it argue home may buy man possible travel free.,Negative,4,2024-01-31
Nathaniel Reynolds,Music reach group visit security them.,Neutral,4,2024-04-18
Steven Richardson,System foot beyond mother ever adult site live ok.,Neutral,3,2024-05-21
Travis Montoya,Design view avoid position red box key measure teach again remember husband tonight.,Negative,3,2024-04-21
Veronica Charles,Some two administration personal much value.,Negative,2,2024-10-13
Robert Wallace,Character wife watch interest process create where benefit ahead tough computer near center indicate me wind that.,Positive,4,2024-07-18
Linda Williams,Rate tree could understand cut senior particularly sometimes building wait character key.,Neutral,5,2024-08-11
Kathryn Phelps,End nature rather class air friend benefit easy full culture reality.,Negative,1,2024-04-27
John Campbell,Trial ball cup provide wind thing must put usually low discover might story positive believe artist kitchen.,Positive,4,2024-05-30
Benjamin Day,Outside today ground.,Neutral,4,2024-06-27
David Morris,Economy upon front most street relate anything small.,Negative,3,2024-09-03
Charles King,Himself out avoid mother certain.,Negative,1,2024-05-20
Frances Reyes,Learn myself anything keep miss friend fill table a writer get.,Neutral,1,2024-08-19
Barbara Orr,Turn peace put great player relationship.,Negative,1,2024-09-16
Heather Johnson,Hotel pay no spring authority participant similar responsibility city.,Negative,1,2024-10-16
Cynthia Edwards,Street her throughout man bar bring.,Negative,5,2024-05-03
Alexander Perkins,Economic ago attention organization economy.,Neutral,2,2024-01-11
Brooke Blackburn,Material nor she appear middle.,Negative,2,2024-01-29
Ethan West,Executive sister politics just.,Neutral,5,2024-05-20
Margaret Ellis,Ground nearly how necessary road including movie here list picture.,Positive,5,2024-10-17
Eddie Williams,Clear son baby already high three.,Negative,5,2024-03-21
Sean Brooks,Everybody under hold campaign report some free land street risk stage move design.,Negative,4,2024-06-02
Brianna Chavez,Understand everyone above process company institution relationship open run age while training eight.,Positive,2,2024-03-28
Carla Moore,Miss plant station likely serious address interview nice fact out those newspaper most.,Neutral,3,2024-02-13
Amanda Nixon,Become skin economic.,Negative,4,2024-02-18
Jordan Perez,Situation floor week garden stuff central.,Positive,3,2024-11-01
Mary Christian,Cut time second sound sometimes personal imagine matter institution under happy and major research surface.,Negative,1,2024-05-16
Amber Fernandez,Son research phone protect so management.,Neutral,2,2024-03-11
Tammy Webb,Perform Republican modern north author government bill real.,Positive,5,2024-04-29
Benjamin Johnson,Large customer act well computer can physical follow those yet party different.,Negative,1,2024-03-10
Roberto Moore,Matter each lay above year analysis project cut.,Positive,4,2024-10-10
Jacob Hernandez,Seat church method spring happen know either these final test fund yes enter bag Congress.,Positive,2,2024-08-23
Andrew Guzman,With white financial poor stock believe building rest carry.,Neutral,1,2024-01-21
James Dunlap,Public will car.,Neutral,3,2024-02-25
Shirley Flores,Health suffer card morning training travel officer.,Neutral,2,2024-02-17
Roger Pacheco,Audience push kitchen strategy not surface none culture affect garden scene technology listen everyone meeting gun health phone.,Neutral,1,2024-05-12
Wayne Robinson,Ask past walk force single modern reduce room water democratic as left.,Negative,5,2024-10-15
Jerry Hancock,Be medical pretty little each economy talk stay simply how tonight walk.,Neutral,5,2024-01-25
Traci Rubio,Stuff not party always half would if beautiful health increase professional month field.,Positive,4,2024-08-02
Alex Werner,These others magazine seek into story specific pick point miss.,Positive,5,2024-08-13
Dan Ramos,Low small it history word respond.,Positive,4,2024-03-19
Gabriel Merritt MD,Manager information project thought stuff drive last strategy discuss these game from.,Positive,1,2024-08-24
Megan Williams,At support physical score student later them turn event meeting behavior imagine player.,Negative,1,2024-05-12
Jennifer Wolfe,Religious eat hot camera guess discuss order control court.,Positive,2,2024-01-26
Joshua Moran,Deal news without few speech close much research at people eat.,Positive,1,2024-04-19
Diamond Morgan,Nearly whether score young history door hospital begin wish.,Positive,1,2024-05-21
Beth Howe,Apply amount no keep research one speak owner player particular decade.,Neutral,5,2024-07-31
Daniel Reed,Turn able then send name yard spring follow.,Negative,1,2024-02-21
Michael Bruce,Suffer case short specific human building help like civil begin low.,Negative,4,2024-11-01
Denise Walsh,Challenge challenge we such somebody information during wonder everything color.,Neutral,2,2024-10-03
Jacqueline Fox,Government stop this back necessary structure parent long operation hope food side enough arm.,Negative,2,2024-08-22
Benjamin Cross,Always public buy agree very matter score writer room watch hope practice.,Neutral,5,2024-01-20
Alejandro Steele,Accept amount father school room player.,Negative,3,2024-03-31
Jason Clayton,Guess join third community kid future action.,Neutral,2,2024-02-16
Michael Reynolds,Hear continue sure allow local standard sport.,Neutral,5,2024-09-05
Douglas Hamilton,Art deep trial week compare fall building discover force system build.,Positive,4,2024-04-17
Bridget Miller,World religious every other huge stock own exist what red economic investment might generation him.,Neutral,5,2024-07-04
Erica Morrison,Option practice case thought throughout stop good animal line action all central former coach.,Positive,2,2024-06-01
James Graham,Miss purpose maybe choose candidate.,Negative,1,2024-09-16
Matthew Perez,Add site over on.,Positive,3,2024-09-22
William Hall,Various upon area teach agent walk performance military control try even enough team.,Neutral,3,2024-10-09
Mr. David White,Happen heavy their discussion particularly my all too back meeting.,Neutral,5,2024-09-08
Ashley Stevens,Money officer knowledge charge.,Negative,5,2024-03-17
Natasha Shah,Try quickly then morning us ability including technology big you southern force education away eat focus happy wind.,Negative,3,2024-07-19
John Murphy,Yeah wife sound us data.,Positive,3,2024-01-03
Terry Wright,Chance want fight why sell recently voice into.,Negative,3,2024-10-16
Pamela Beasley,Worry training produce voice interest side family.,Positive,2,2024-08-04
Bradley Blackburn,Two could attention central wait technology career a offer source free.,Negative,1,2024-10-26
Sara Wade,Interview education hand agree here everybody just radio on company minute away others run keep close former lose.,Neutral,2,2024-09-15
Daniel Jones,Agreement when that try already benefit school none situation even officer listen live.,Positive,3,2024-03-19
Sandra Hill,Know energy vote ready key main notice that skill.,Neutral,1,2024-04-24
Christopher Giles,Focus employee American single beat.,Negative,3,2024-08-08
Keith Hopkins,Account inside book.,Negative,1,2024-10-20
Philip Sullivan,Thousand serious available performance foot able fill reason.,Positive,3,2024-04-29
John Jackson,Agent trip none sell perhaps hot we.,Negative,2,2024-08-08
Travis Jackson,Could it gas American policy simply institution security choose various us suffer.,Neutral,4,2024-05-01
Gary Shelton,Skill area shoulder important wrong.,Negative,5,2024-02-11
Frederick Cross,Clearly floor might appear eight become.,Negative,4,2024-06-06
Ryan Lucero,Within help wait fall security interest although now bar.,Negative,3,2024-10-29
Julia Lutz,Tv culture enter want fact ever practice candidate mission late sure professor.,Neutral,2,2024-06-12
Katherine Johnston,Point section must model someone director.,Neutral,2,2024-01-08
Darius Rojas,Scene now these black painting fall begin bring then year them better break public nearly report stock impact fact.,Neutral,4,2024-09-24
Christopher Watson,Raise occur company eight find position difference eat building friend hit speech.,Neutral,5,2024-07-22
Sheila Howard,Present thus us art only score quite Congress degree use compare sing.,Neutral,2,2024-08-17
James Curry,Speech woman make course early role two view item sort.,Neutral,3,2024-08-02
Bryan Reed,Purpose like current candidate.,Neutral,5,2024-02-09
Joseph Walsh,Have now democratic break move TV.,Negative,3,2024-08-02
Peter Anderson,Number daughter week.,Negative,4,2024-08-20
Erika Green,Other positive stay agree authority measure agency instead sport remain capital specific night west.,Positive,3,2024-02-08
Mike Frost,Blue more us shake of.,Positive,3,2024-03-13
Julian Nielsen,Social never process truth capital need real help four work performance by experience.,Neutral,2,2024-10-04
Dr. Melissa French MD,Floor one get produce general.,Positive,2,2024-08-15
Allison Smith,Him about hospital American water degree thus still hour site the size represent.,Negative,2,2024-06-25
Kathy Garcia,Window manager theory eat.,Neutral,1,2024-02-04
Tonya Payne,Community watch table local turn when citizen just it.,Positive,4,2024-06-27
Michael Wright,Movie section buy wonder type total speak now partner picture about section center trial side.,Positive,3,2024-04-10
Christine Jensen,Majority nothing conference physical eat wall number them most.,Positive,2,2024-05-14
Devin Miller,They wish feeling probably improve budget address project us benefit night.,Negative,3,2024-10-01
Tyler Brown,Account accept low guy machine tough everybody.,Neutral,2,2024-09-11
Pam Edwards,Medical suddenly key service left cut company high clearly now expect benefit receive go.,Neutral,1,2024-03-08
Christopher Shepherd,Sign certain strategy rise industry large challenge brother senior throw stock deal fund.,Negative,1,2024-03-13
Tammy Bullock,Fly indicate wear safe its according paper civil similar.,Positive,4,2024-05-05
Matthew Johnson,Relate knowledge may smile leg answer answer field month.,Positive,5,2024-01-21
Andrea Franklin,Station economy whom without.,Positive,5,2024-03-15
Jennifer Jones,Movie southern them sign probably strong.,Neutral,3,2024-03-08
Ryan Duncan,Program shoulder only short responsibility increase voice painting environmental recent question.,Negative,1,2024-08-28
Jason Gomez,Reveal ahead ready reveal charge prevent food around reveal model agree I.,Neutral,4,2024-07-11
Charles Carter,Final author him reveal TV management public.,Neutral,1,2024-06-05
Lindsey Gonzales,Crime perform direction fire so wish them four third upon say.,Positive,1,2024-01-26
Diamond Garza,Season door threat real thought local dream let age and to firm.,Negative,5,2024-05-02
Jason Ortiz,Wide amount suddenly bring few get for parent.,Neutral,5,2024-11-06
Misty White,She allow continue environment edge player suddenly imagine public resource partner drug science power.,Neutral,1,2024-09-17
Rebecca Fuller,Every man outside reach chance important sure nice trade simply officer require Congress also.,Neutral,5,2024-02-21
Kimberly Murphy,Court ready rock whatever material open option assume treat.,Neutral,4,2024-05-05
Thomas Reed,Better free generation hard car draw could weight simple gas firm its ten.,Positive,1,2024-04-15
Jacob Knox,Them computer Republican former you south life no piece spring rich other standard section garden week though.,Positive,5,2024-11-07
Nathan Lewis,Loss none around east race generation where today song should much instead knowledge single measure.,Negative,3,2024-06-11
Stephanie Holt,Responsibility watch either easy little responsibility understand worry improve national suggest between.,Neutral,3,2024-03-10
Michael Martinez,Bit provide structure second especially together compare base five compare easy go capital anything.,Negative,5,2024-01-27
Donald Rivera,Feeling talk floor score hard while write air them apply yes surface enough class particular.,Neutral,1,2024-10-04
Craig Holland,Save all across picture take.,Negative,2,2024-01-05
Tina Bradley,Later forward address heart management piece whose source study.,Negative,3,2024-07-29
Vincent Cummings,Voice politics paper order return contain son impact type sit then notice officer interest.,Positive,1,2024-04-05
Meagan Lawson,A teacher others above black bill operation.,Negative,4,2024-01-12
Monica Haynes,Plan positive tree financial great area Democrat recognize senior west even evening well all behavior.,Negative,1,2024-03-27
Tiffany Sweeney,Father discussion foreign those buy less all.,Negative,1,2024-01-21
Amanda Harmon,Food data approach call happy indeed thank standard six computer draw message increase speech think age note.,Positive,3,2024-03-31
John Coleman,Light music movement themselves.,Negative,5,2024-09-21
Jodi Lewis,Avoid shake it decision local between.,Negative,5,2024-04-24
Katelyn Hogan,Great truth skin now hard rise stuff.,Positive,1,2024-09-23
Connor Morgan,Agent sell friend either act compare like these future visit what ready skin.,Negative,1,2024-09-01
Mark Torres,Political decision develop lawyer indicate film.,Positive,5,2024-03-20
Theresa Bennett,Serve citizen weight green evidence past their us hear other wife especially century out research.,Positive,1,2024-07-04
Paul Rivera,Medical religious forget.,Negative,5,2024-01-05
Julie Williams,Democratic miss old worker past about statement despite painting become international degree doctor fight.,Positive,4,2024-03-16
Joseph Jones,Policy deal together small ball change teacher.,Positive,5,2024-07-09
Kevin Dalton,Wait themselves seek ask.,Neutral,1,2024-06-20
Eric Roberts,Sound answer she bill life camera between during.,Negative,5,2024-07-17
Sabrina Jordan,What raise dream born doctor chance consider science growth along accept actually back.,Neutral,1,2024-07-30
Tina Hampton,Good whom take fight themselves ready number tree bag can character body street make.,Negative,3,2024-07-25
Dominique Hutchinson,Huge stop president maybe cell.,Positive,4,2024-05-07
Lucas Juarez,Media year than represent trade environment difference peace place night company.,Negative,2,2024-04-03
Stephen Moore MD,Player yard money allow determine task real country news couple can party increase open week director part section development.,Neutral,1,2024-08-01
Phillip Smith,Get image ask company attention take step manager recognize.,Neutral,2,2024-01-23
Samantha Hughes,Character network young hair allow dog develop.,Negative,3,2024-02-14
Andrea Yates,Woman drop century maintain actually stuff activity standard.,Neutral,5,2024-10-05
Amanda Hendricks,Campaign describe bill smile language research garden ten situation my everything main.,Negative,2,2024-03-15
Jonathan Maxwell,Southern staff simply role during north father weight position majority.,Negative,2,2024-02-22
Brandon Graham,Health organization information change under provide game always themselves prevent detail such take people.,Negative,5,2024-05-12
Juan Moss,City three collection style finish.,Positive,1,2024-09-02
Matthew Mills,Why south production around sometimes season now quite financial moment month without ability again bed billion write year relationship fast.,Negative,4,2024-09-26
Michael Davis,Create magazine require training talk strong project good throughout member wait.,Neutral,3,2024-01-31
Megan Duncan,Soldier wife important simple yeah past.,Neutral,4,2024-09-30
Justin Cooper,Least onto give history call.,Neutral,5,2024-02-25
Patrick Ortiz,Seat present TV strong probably high.,Neutral,4,2024-02-09
Christopher Cline,Lot us friend can consumer.,Neutral,4,2024-01-31
Dale Allen,Fast technology hair democratic before finally trip material probably.,Positive,1,2024-02-19
Linda Koch,Theory design seem face behind upon style somebody statement these.,Positive,4,2024-09-29
Janice Carter,Create increase across build may capital easy in sell foot could identify.,Positive,2,2024-06-09
Joshua Phillips,Field drop probably include yes skill guess space action gun.,Positive,3,2024-08-31
Heather Campbell,The girl go sometimes their color.,Negative,3,2024-06-19
Kyle Griffin,History line certainly true left subject figure.,Neutral,3,2024-08-11
Daniel Myers,Wear standard senior move popular father night blood kid bag small appear.,Positive,5,2024-07-26
Amy Davis,Site back couple let nation everything late far unit food without writer head scene.,Neutral,3,2024-07-24
Stephanie Mejia,Bring spring guess relationship sometimes democratic bit while discuss mother white social go executive head.,Negative,1,2024-02-26
Jesus Parker,Word region civil although try again.,Positive,3,2024-04-20
Amber Lucas,Condition fill say certain part set ground thought two less forward.,Negative,2,2024-01-20
William Ibarra,Book entire head state here so mouth everybody somebody.,Negative,4,2024-05-08
Kathryn Perez,See recent network give others catch anyone.,Neutral,3,2024-09-23
Nathan Dickson,Worry financial than prepare blue pay type president someone difficult control myself.,Positive,5,2024-03-19
Kenneth Jones,Maintain out guess despite region month thank.,Negative,4,2024-09-12
Maria Collins DVM,Want religious production all.,Negative,5,2024-05-16
Matthew Calderon Jr.,Face trial for authority may tonight large outside issue.,Negative,2,2024-01-17
Lauren Gordon PhD,Very someone table everything own much fine process able several play.,Negative,4,2024-05-14
Jenna Robles,Parent father determine special subject theory executive vote teach as as pressure process food expect expect prove force budget current.,Negative,4,2024-04-14
Colton Edwards,Mission treatment floor pretty spend court condition service before concern war risk.,Positive,5,2024-05-08
Michelle Johnston,Lot difference white national despite manager fact call among two.,Neutral,1,2024-02-21
Ralph Valdez,Little line test media give end nearly fast.,Negative,4,2024-11-04
Johnathan King,Car view southern argue.,Positive,5,2024-05-25
Casey Martin,After son good pretty court above stop appear.,Positive,2,2024-03-15
Joshua Smith,Sing simple my give should loss.,Neutral,2,2024-08-23
Gary Ramirez,Account turn station notice up fast.,Positive,5,2024-07-30
Gary Bell,Bit end necessary theory nearly little above and exactly.,Negative,5,2024-08-15
William Young,Nice bar forget save there magazine capital cell prepare tonight it deep arrive possible onto.,Neutral,1,2024-10-22
Zachary Mathis,Line heart oil fund new.,Neutral,5,2024-10-27
Terry Hawkins,World affect whatever anything notice.,Neutral,1,2024-07-14
Garrett Nielsen,Wind difficult building land onto should guess walk growth mention ask accept last interview.,Negative,1,2024-07-19
Brian Wall,Receive adult music develop site edge provide much quality trip show if across.,Neutral,2,2024-06-22
Amy Dixon,Thought main concern nice language.,Negative,3,2024-09-20
Dave Dean,Poor also become it quite though natural conference final them attack world join teacher.,Neutral,3,2024-09-08
Lisa Hernandez,Direction understand oil staff.,Negative,1,2024-03-02
Kelly Richardson,Board everyone region example under degree like program.,Negative,2,2024-10-15
Blake Bruce,Brother other serve bag three rate behind even interview stand.,Neutral,1,2024-05-05
Jennifer Gonzalez,Upon consumer statement speak country occur hard poor within decade decision practice they.,Positive,2,2024-03-03
Wesley Ward,Beat tree ask suddenly cause open though.,Positive,4,2024-09-08
Paul Walker,Ever role ground range spend husband very suffer activity economy.,Negative,4,2024-10-04
John Hancock,Range analysis stay look kind front respond result quickly have building.,Neutral,4,2024-05-02
Emily Johnson,Last term seem agreement player enjoy floor position treat.,Positive,4,2024-01-14
Aaron Walter,Ten million through mention evening rest crime case.,Negative,3,2024-10-12
Brian Oliver,Save this believe little unit name common relationship country same forget real skill.,Positive,2,2024-06-11
Rachel Gutierrez,There race everyone ground wind woman dream relate rise even wall history store practice teach.,Positive,5,2024-08-29
Erica Smith,Amount rich improve husband prove nice difference first cell senior pass me can include.,Negative,3,2024-08-12
Diana Gibson,Doctor small cup indeed fast.,Neutral,1,2024-03-20
Reginald Bates,Outside author spend attention mission operation away discussion condition.,Positive,1,2024-05-04
Paula Navarro,Picture region each item too team middle run such.,Neutral,1,2024-10-27
Frank Sullivan,Describe face how apply matter light consider admit.,Neutral,3,2024-08-24
Mark Ponce,Interview single detail health answer program decade job main near.,Neutral,1,2024-04-17
Erin Hill,Reason look number affect together account north where do yeah should head watch stuff trial.,Neutral,1,2024-03-04
Michael Johnson,Respond forget foot interesting discussion activity theory white human environmental affect top.,Positive,3,2024-04-05
Darlene Calderon,Team issue go middle bring reason lose city.,Positive,5,2024-07-04
Amanda Martinez,Nation go several officer health kind research green discover watch yard during realize serious yet control find popular agency kind.,Negative,5,2024-10-20
Mrs. Miranda Oliver,Quality consumer national.,Positive,1,2024-05-16
Brittany Brown,Human car road total into far human continue draw kid computer style nearly trade.,Negative,2,2024-04-28
Alan Ortiz,Society contain certainly.,Negative,2,2024-06-01
Kyle Williams,Source fund foreign out policy dream mind news Republican.,Neutral,4,2024-02-24
John Boyd,About child go she add night.,Positive,1,2024-04-24
Jennifer Perez PhD,Change step one large produce.,Neutral,4,2024-05-31
Paul Richards,Soon visit staff everybody agree news black design red themselves find sign message.,Neutral,2,2024-05-17
Michael Patel,Stand research become health particularly herself at tonight.,Positive,1,2024-03-30
Diane Pierce,Coach sister common almost understand left since fall focus attorney their.,Neutral,2,2024-10-22
David Humphrey Jr.,Technology mouth network claim major major enter federal concern still increase pull the.,Neutral,5,2024-04-15
Frank French,Religious hotel about offer drive deal financial nation every when believe too safe step cause.,Positive,2,2024-10-31
Melissa Gonzalez,Finally wish specific former bill animal.,Neutral,4,2024-07-01
Melissa Kemp,Carry budget ever important both Mrs student behavior recognize seven too for create likely.,Positive,4,2024-08-27
Jason Martin,Better along practice Mrs.,Negative,1,2024-04-12
Theresa Jimenez,Response watch begin through remember various.,Positive,3,2024-05-30
Melissa Herrera,Room current car eat tonight clearly news heart activity.,Negative,4,2024-08-11
Joshua Hahn,Someone thing event impact or fact everything relate mother dinner Democrat.,Neutral,3,2024-08-23
Jason Blanchard,Notice character note this left surface difficult east thousand alone air unit record middle still.,Positive,4,2024-08-15
Timothy Diaz,Design painting time fire camera man lawyer long parent affect group voice water.,Positive,3,2024-10-30
Jeffrey Johnson,Article sometimes politics teach race live work rate your listen field claim radio minute amount decade cultural movement between sing.,Positive,3,2024-10-13
Lindsey Allen,Will standard letter adult star teach free economic real.,Negative,2,2024-02-11
Bonnie Jackson,Activity get much.,Neutral,4,2024-10-12
Christopher Anderson,Training thus computer watch blood popular.,Negative,1,2024-02-01
Elizabeth Hobbs,Network police imagine evening call system there expect guy.,Positive,4,2024-07-15
Morgan Gomez,Car would station address until join our.,Positive,1,2024-10-05
Kenneth Conley,Inside player most difference character life program drop event provide wife choose us six less.,Positive,4,2024-01-06
Carl Rivas II,Effort development scene prepare.,Neutral,2,2024-06-13
Michael Donaldson,Position rock including west him interest pass nothing now base.,Positive,3,2024-09-27
Lisa Wheeler,Think send next church war room investment.,Neutral,4,2024-09-25
John Barrera,Clearly production evidence result evidence computer prevent week of cell training type suggest tough different.,Neutral,4,2024-10-22
Gina Gomez,Five speech name child.,Neutral,3,2024-07-05
Cameron Lang,Brother son community clearly rule pick station address court well agency national true fund thing north.,Negative,2,2024-09-10
Paul Montes,Yard night once investment.,Positive,2,2024-09-14
Elizabeth Moore,Program agreement most task.,Positive,5,2024-02-05
Jennifer Rocha,Argue prove with over during game attention its.,Neutral,5,2024-04-12
Melissa Jones,To bad cut major finish book particular they day analysis short happy still near exist.,Positive,4,2024-08-14
Chad Bush,Check myself seven develop draw story together.,Neutral,4,2024-10-23
Mr. Michael Kim,Create western there office require clearly so fire cultural throw girl.,Negative,3,2024-03-06
Jake Jones,Successful either wall national she international movie draw back political exist win into.,Positive,4,2024-08-26
Sandra Gonzalez,Hope prove success main young play.,Positive,5,2024-10-28
Shannon Miller,Loss community concern human hotel land.,Neutral,2,2024-08-05
Victoria Cannon,Under agree next toward prepare even Republican effect time suddenly thus.,Positive,4,2024-10-18
Daniel Morton,Turn alone color others degree before total seat necessary benefit space amount.,Negative,2,2024-08-05
Shane Stanley,Goal whom state why agree play.,Negative,4,2024-01-18
Mary Spencer,Product little team perform fly.,Neutral,1,2024-03-01
William Mendoza,You side development media I media national break interesting.,Positive,5,2024-09-16
Mr. Benjamin Taylor,Push serve dog hard middle hospital thousand nor.,Negative,3,2024-03-09
Michelle Miller,One debate fund drug discussion cause toward remain degree news.,Neutral,1,2024-07-27
Tyler Fox,Federal surface involve staff occur while great able letter us product.,Negative,3,2024-06-03
Roy Vargas,Increase large authority report whether throughout evening smile.,Neutral,4,2024-03-10
Eric Green,Very image give reveal.,Negative,5,2024-04-20
Faith Hayes,Message reduce according nice difference forward admit fish Republican.,Positive,3,2024-06-11
David Shepard,Into simply whatever low sometimes quickly together after.,Positive,5,2024-01-24
Adrian Rodriguez,Officer fish long establish task friend west unit court.,Neutral,1,2024-07-04
Christopher Garcia,Herself despite enjoy kind beyond simple water top economy suddenly reason this society professional purpose.,Neutral,5,2024-09-24
David Wyatt,Five nor see how like street.,Positive,5,2024-01-09
Joe Melendez,Share base attorney between she doctor.,Negative,1,2024-03-30
Terrance Macdonald,Star arm later than name night case best then west main race protect school standard.,Positive,2,2024-09-16
Mark Hall,Author dark charge look tell buy more claim individual life popular child scene stop including process baby product talk.,Negative,1,2024-09-03
Julian Osborne,Risk matter everybody effect also also newspaper white during story minute.,Neutral,2,2024-10-29
Patricia Prince,Present crime day member example stage.,Positive,2,2024-08-08
Katie Ayers,Say event body able shoulder describe main.,Positive,5,2024-08-24
Melissa West,Management take human moment positive guy under which physical off.,Neutral,1,2024-02-14
Eric Kennedy,Goal white lot try stock phone.,Positive,4,2024-07-26
David Fox,Concern brother nor personal challenge church admit room thought room.,Negative,2,2024-08-24
Gina Taylor,Player century current include difference do ahead local age to affect with to.,Neutral,4,2024-09-01
Frances Scott,Feeling between fear choice work perhaps.,Positive,1,2024-11-07
Andrew Sanchez,Oil officer few chair home few.,Positive,2,2024-04-07
Kevin Mcdonald,Or cause could as financial interesting eat seat class.,Positive,5,2024-10-25
Richard Solis,Per however must company still.,Positive,5,2024-07-29
Nichole Hurst,In no list body star amount happen prevent attorney may too.,Positive,1,2024-02-26
Jamie Thompson,Else beyond mean seven.,Positive,1,2024-10-06
Mr. Tim Coffey,East long surface discuss at best drive day fall concern pressure fact five.,Neutral,3,2024-04-06
Jessica Conrad,Life important natural almost rate education stage.,Neutral,2,2024-07-20
Tammy Reed,High save ok ahead back collection social cost do option sister despite.,Negative,3,2024-10-15
Samantha Reed,Soldier charge political enough improve behind society consider someone control doctor natural draw.,Positive,5,2024-07-29
April Wyatt,Establish affect behind radio within attention less guy face member hundred movement claim statement fear time almost step.,Neutral,2,2024-01-10
Angela Vasquez,Under world certainly green already former view bed everyone shoulder among contain sign generation should condition environment off.,Positive,4,2024-01-25
Stacey Boone,Finally field stand address specific game culture throw follow seven.,Positive,4,2024-10-01
Eric Davenport,Boy create argue success heart brother finish property box area than worker girl.,Negative,5,2024-09-04
Terry Hoffman,Quite yard policy way box civil.,Neutral,5,2024-08-06
Joseph Henry,Account agency visit line avoid sport gas.,Negative,2,2024-07-09
Zachary Perry,Staff fill religious.,Neutral,5,2024-05-06
Ashley Jackson,Security likely movement suddenly technology natural contain claim manager between like because brother plant share behavior establish reveal dream personal.,Neutral,1,2024-08-31
Maria Alvarez,Main first building gun word.,Negative,2,2024-06-06
Cheyenne Morgan,Hundred her yes water best.,Positive,1,2024-09-16
Mark Mann,Role step civil analysis decision fire.,Negative,5,2024-02-19
William Calhoun,Foot instead performance election act general prevent standard sit involve whether follow carry TV result oil.,Negative,5,2024-03-01
Rachel Sullivan,Mind since building around speech method field school visit.,Negative,2,2024-01-10
Chad Harris,Sure student into shoulder born entire model kind there cut wide thus player arrive television standard.,Positive,4,2024-03-16
John Buckley,Another wife poor boy film much head road southern again throughout firm material sort still.,Neutral,1,2024-09-12
John Moore,Option piece have month usually ask although rest safe partner evidence offer up.,Neutral,3,2024-06-24
Melissa Meyer,Today already stage evening health as drive international place investment simply situation myself.,Positive,4,2024-03-15
Angela Nelson,We already list site type serious these project rate pass state eat control.,Negative,5,2024-06-02
Laura Kelly,Practice southern fly wait science game manage crime keep tree drop election Mrs for beautiful street.,Positive,3,2024-01-13
David Jacobs,Again yes visit.,Negative,4,2024-10-15
Diane Douglas,Not fall identify cause space and summer newspaper on member investment describe cell research skin raise front thus.,Positive,3,2024-10-24
Rebecca Cantu,Him window think population national discuss.,Neutral,2,2024-04-24
Bonnie Kelly,Right half office part major particular any.,Positive,5,2024-05-10
Russell Deleon,Value party ago purpose throw nature time cell artist.,Negative,2,2024-01-14
Katelyn Anderson,According close concern stop natural drive contain skin meeting lawyer commercial popular skin.,Positive,1,2024-08-06
Michael Elliott,Mr arrive Republican coach authority dream we animal.,Neutral,1,2024-08-02
Ashley Franklin,There entire wrong collection science high available light own money cost study music we include.,Negative,4,2024-05-06
Brian Ross,West travel city glass side business because teacher message sing feeling strong call simple serve.,Neutral,1,2024-01-22
Dustin Abbott,Morning table defense safe stay officer low once.,Neutral,4,2024-04-08
Ashley Morris,Decide voice talk form strong past.,Positive,5,2024-08-16
Joanna Fox,Cover this full speak authority hand they foreign establish federal democratic name.,Positive,3,2024-07-05
Kyle Smith,Kitchen sing about health side government those teach.,Negative,5,2024-03-13
Brandon Shelton,Training could some traditional support leg fast out beyond available.,Neutral,5,2024-10-25
Tracy Perry,Agency nice skill possible medical street soldier expect interesting onto.,Negative,4,2024-08-10
Allison Braun,Month either arm guy help dream interesting reduce government be after television.,Positive,2,2024-10-11
Randy Diaz,Likely cup election suddenly suggest.,Neutral,4,2024-04-21
Renee Nichols,Out democratic although question argue fight white large about thought.,Positive,1,2024-07-18
Nicholas Hughes,Visit medical history baby image local citizen try pressure major.,Positive,1,2024-09-02
Jennifer Chaney,Check miss order investment player home.,Neutral,4,2024-03-10
Kathleen Cook,View official remember away somebody beautiful.,Neutral,2,2024-01-28
Andrea Russell,Think score hear memory specific bar dinner physical left former contain before where hear drive painting million.,Negative,3,2024-09-25
William Simmons,Land long land upon class particular.,Neutral,1,2024-04-23
Daniel Hernandez,Magazine this religious speech boy notice clearly hotel.,Positive,2,2024-05-15
David Meyer,Stuff anything happy partner mother likely.,Positive,3,2024-09-29
Stephen Davis,Research outside off sell record enjoy think.,Positive,3,2024-04-22
Tiffany Wood,Recent your town computer its hundred happen their card.,Negative,4,2024-09-29
Albert Montgomery,One though campaign method court from health lose travel nearly theory prove consider.,Positive,3,2024-02-22
Mr. Joseph Matthews,Heart important station environmental study son not least before force ball word moment career not.,Neutral,3,2024-06-02
Kevin Massey,Large ball me director through democratic call language among.,Positive,2,2024-01-09
Rhonda Hamilton,Sometimes alone thing first analysis serious keep face along.,Neutral,4,2024-01-12
Jennifer Cole,Keep traditional across draw environment crime.,Negative,4,2024-02-13
Jeremy Perez,Southern discuss prepare daughter.,Neutral,2,2024-04-28
Mr. Joseph Knox,Improve tonight color treat policy specific of finish meeting.,Negative,5,2024-03-26
Christian Thomas,School beat second turn occur table machine.,Neutral,5,2024-02-17
Carly Smith,By wall head value career environment none key claim.,Positive,5,2024-09-06
Jessica Beck,Lawyer arm answer eat everybody.,Negative,3,2024-03-23
Jacqueline Henderson,Power house provide ask price but picture action something according.,Positive,2,2024-01-06
Bryan Williams,Task majority politics environmental.,Negative,5,2024-01-06
Patricia Vazquez,During position player cover.,Neutral,3,2024-05-02
Sabrina Brown,What him whom least campaign central require.,Negative,5,2024-10-17
Thomas Villegas,Lawyer right accept Democrat see include close success all two develop market baby Democrat old cold.,Neutral,3,2024-10-23
Amanda Haas,Democrat two lot.,Neutral,2,2024-05-12
Harold Collins,Thus authority again white travel.,Neutral,2,2024-08-31
Michael Davis,Radio choice professional table collection spend.,Neutral,3,2024-08-16
Kathryn Tucker,Perform visit group staff nation own although assume glass.,Negative,1,2024-10-01
Dr. Joel Nicholson,Five where church far their have culture camera manager century someone why fund ground energy.,Positive,2,2024-01-14
Nicholas Simmons,Federal indeed crime government green another adult who bit that us.,Positive,4,2024-02-22
Mr. Anthony Wilson,Benefit stay write book language marriage experience join record need affect class where.,Neutral,3,2024-08-22
Krystal Wiley,Theory off know approach important eye among country front.,Positive,2,2024-04-05
Jessica Moore,Affect gun level truth school his.,Negative,2,2024-05-26
Emily Heath,If throughout since concern movement response.,Neutral,4,2024-10-22
Robert Scott,Doctor staff no shoulder learn special response provide agreement far research source.,Neutral,2,2024-11-08
Stephen Young,Medical beat dinner fall ball bit.,Neutral,1,2024-08-19
Kristina Ray,Design out school.,Positive,3,2024-01-23
Matthew Gardner,Black single still.,Positive,3,2024-01-14
Stephen Clarke,Owner visit speech live close student page home check best special evidence thus goal might feeling.,Neutral,5,2024-06-01
Scott Everett,Sometimes peace hit anything drop.,Neutral,4,2024-06-16
Randy Rodriguez,Adult be bar entire suggest lay soon region camera almost authority store final newspaper far table article.,Negative,3,2024-07-22
Beverly Hudson,Pressure develop interview property investment out property three including few chance care ground pass follow.,Negative,5,2024-07-21
Michael Ramsey,Clear keep century even any vote recognize.,Negative,4,2024-06-05
Sara Santana,Role read marriage describe weight partner over black question while outside theory consumer job power.,Negative,2,2024-03-26
Jeremy Jones,City exactly morning remember believe chance no man.,Neutral,5,2024-07-19
Emily Lang,Feeling former difficult experience medical try what car ready.,Negative,2,2024-02-09
Barbara Leon,Than nation visit paper represent under energy cut win.,Positive,3,2024-08-02
Michael Pitts,Own nor big act sign bit sport best.,Negative,3,2024-06-28
Daniel Austin,Do million music career staff couple many us face.,Neutral,4,2024-08-09
Marilyn Henderson,Protect full specific lay play force politics say difference job letter.,Positive,1,2024-10-19
Patrick Hutchinson,End ask network population herself recognize.,Neutral,4,2024-06-11
Jamie Roberts,May lead can remain my every send language.,Positive,1,2024-02-02
Cynthia Elliott,Vote choose tell plant station can move make daughter hand laugh responsibility role throw sister magazine.,Neutral,3,2024-05-01
Shannon Delgado,Democrat case house child religious myself.,Positive,5,2024-09-09
Chelsea Medina,Which matter hear marriage establish lay suffer mind citizen responsibility amount me our clearly them speak like rather.,Positive,4,2024-01-08
Susan Choi,Impact do western force bank allow manage alone computer.,Neutral,2,2024-10-24
Holly Payne,Friend science apply option want actually whole degree.,Positive,4,2024-02-18
Johnathan Jackson,Tend front quite house wife main green this break sing agent too.,Negative,1,2024-10-02
Brandon Christensen,Throw than six them second rate knowledge nearly service add look reveal I happy and what very.,Neutral,2,2024-01-22
Rebekah Wise,Adult east city other sign today writer realize detail develop role.,Neutral,3,2024-05-03
Edward Brooks,Tell act experience list artist day data cut company late bill official heavy among.,Positive,2,2024-05-28
Lisa Gonzalez,Fast stage fly again.,Neutral,4,2024-06-12
Michelle Murray,If travel expert loss energy necessary.,Negative,5,2024-08-21
Michael Meyer,Small scene make either discuss country.,Positive,4,2024-05-07
Andre Farmer,Natural often deal surface claim dog wind.,Negative,4,2024-01-22
Ashley Rodriguez,Short fill month Republican painting create strong subject only town film care travel continue require.,Neutral,5,2024-05-25
Kenneth Peters,Area decision coach natural field development green sport actually tonight guy describe.,Positive,5,2024-05-29
Francisco Silva,Fact reduce simply its trip six challenge perform so no parent involve present.,Positive,4,2024-10-22
Joseph George,Scientist table Congress activity live.,Negative,4,2024-03-28
Mary Hayes,Activity project control maintain effect next compare consider arm heart remain social house watch sea.,Negative,2,2024-06-09
Dennis Perkins,Pay song especially like whole never away society.,Neutral,4,2024-02-20
Tanya Tran,Issue loss design over management indeed answer painting.,Positive,3,2024-11-01
Nicole Carroll,At then series with price risk ever image table record better grow push control.,Positive,2,2024-04-04
Mrs. Dana Neal,Democratic city either investment expert consumer factor serve black weight sign phone member treat so where.,Neutral,4,2024-06-14
Patrick Weber,Game woman include western mention role floor agreement region.,Neutral,4,2024-05-23
Wyatt Allen,Push those plant author than anything talk down above difference use we.,Negative,5,2024-03-03
Karen Fernandez,Challenge trial middle thousand whether for home activity build strategy.,Neutral,2,2024-10-19
Martin Fitzgerald,Black address off movement particular.,Neutral,4,2024-02-13
Stephen Montgomery,Gas of bit party many get special wear them mother listen free generation federal prepare article.,Neutral,3,2024-08-13
Karen Holmes,Foot dinner particularly give most to conference opportunity gas teacher doctor participant interesting toward leader.,Positive,5,2024-05-31
Julie Washington,Federal health oil thousand exist change us campaign answer human cold pressure move edge believe could education.,Positive,4,2024-08-25
Kara Cameron,Course point accept those win nearly race.,Negative,2,2024-03-27
Taylor Sharp,Pressure level million.,Negative,4,2024-10-13
Hailey Sullivan,Budget together even fire reveal bar air fall.,Neutral,3,2024-09-13
Sharon Williams,Much process investment certainly though far paper.,Positive,2,2024-03-21
Chris Powers,Then question billion other yard evidence follow fast protect material score too himself.,Neutral,2,2024-07-10
Heidi Mcguire,Increase today put might number friend.,Positive,4,2024-08-08
Sierra Duke,Believe federal share involve fact might.,Positive,2,2024-07-31
Rebecca Everett,Forget carry space box house between ahead certain.,Neutral,1,2024-09-25
Dawn Smith,Value loss race spring husband believe another generation effort truth example real participant leave raise against bag local live occur.,Neutral,3,2024-09-14
Sherry White,Understand employee seven ability should evening including site firm fight federal itself now quality state south car single.,Neutral,3,2024-01-19
Barbara Erickson,Stage how either drive and require give short certainly do for father.,Positive,4,2024-10-27
Jessica Martin,Foreign machine whether new share term decade.,Negative,1,2024-05-17
Tyler Ponce,Report real speech young international administration safe let fast theory.,Negative,1,2024-05-25
Robert Wright,Easy lay south resource boy wrong talk lay heavy Mrs behavior never walk inside compare trial unit sister.,Positive,5,2024-08-29
Stephen Woodward,Glass some teach century career feel color recently piece.,Neutral,5,2024-04-05
Jennifer Johnson,Few article serve attorney drop official lawyer seem.,Positive,5,2024-11-06
Jeffrey Olson,Reduce off fund in run husband business position our ground man art billion population loss.,Neutral,1,2024-09-10
John Jones,Once under two million yeah perform federal.,Negative,1,2024-06-07
Dylan King,Red skin foot and girl nation.,Negative,4,2024-05-21
Sheena Graham,Return standard remember prepare firm family.,Positive,3,2024-07-02
Juan Phillips,Product human table its newspaper radio central free teacher.,Neutral,4,2024-10-26
Felicia Haynes,Laugh she imagine not quite picture.,Negative,2,2024-07-04
Jon Moore,Drive policy work sing everybody.,Neutral,4,2024-03-10
Andrew Williams,Product base can friend.,Neutral,4,2024-05-10
Richard Johnson,Save two mean ok state certainly.,Neutral,3,2024-02-01
Gregory Madden,Available say laugh almost occur possible piece thus weight team crime.,Neutral,1,2024-02-03
Jose Mann,Early yard agreement risk specific see popular professor word accept believe animal important.,Negative,1,2024-04-12
Brian Murphy,Find person get citizen scene beyond war nice stop list into.,Negative,1,2024-02-04
Robert Walker,The every bag explain water take.,Positive,4,2024-03-20
Peter Chang,Other free blue mind make rock add hair everyone offer.,Negative,5,2024-02-11
Jeremy Evans,Physical from nature decision board future behavior against.,Negative,5,2024-06-06
Aaron Farrell,Staff wish career hotel only newspaper brother herself ability imagine his system do probably from city.,Positive,2,2024-08-15
Richard Klein,Field wall choose.,Neutral,1,2024-07-01
Alison Moore,Green wide smile personal line think happy short.,Negative,3,2024-04-17
Jennifer Williams,Effect he research success system open expect leader.,Neutral,3,2024-01-02
Jennifer Rodriguez,Positive late political month line whom cost front development.,Neutral,4,2024-03-17
Robert Douglas,Economy watch still thousand material drop well.,Negative,4,2024-04-17
Thomas Moore,Down lawyer across necessary outside role.,Positive,4,2024-04-18
Jennifer Woods,Rest last woman either building.,Neutral,2,2024-03-12
Angelica Johnson,Most next interesting quality get attack marriage defense toward.,Positive,3,2024-07-17
Dana Schneider,Hear oil north act decade themselves tax out until nation avoid quickly national let.,Positive,3,2024-04-30
Colin Dickson,Wear impact move matter about quality radio respond institution later threat word debate trade.,Neutral,2,2024-09-10
Amanda Glover,Author bad rock total firm computer husband treatment.,Neutral,2,2024-10-03
Jane Neal,Exist model part whether minute but beautiful along try top require fall laugh.,Positive,4,2024-03-15
Haley Turner,Bad plant anything resource thing necessary.,Positive,1,2024-06-14
Matthew Miller,Bring site themselves though audience teacher must few note within beat act boy hair.,Negative,4,2024-05-21
Joseph Kelly,Change choice discover win.,Positive,1,2024-06-26
Marcus Newton,Drive full participant out get defense hear what home morning plant federal sell morning outside.,Negative,1,2024-06-07
Carol Wood,System much whole cost technology stuff big commercial begin represent.,Negative,3,2024-06-02
Dominique Morris,Along five newspaper stand step activity simply treat type always decide physical get.,Negative,2,2024-05-12
Alyssa Jenkins,Of some population Congress thing instead change.,Positive,3,2024-03-03
Lisa Rivera,Health out shoulder others view about story.,Negative,1,2024-05-19
Stephen Elliott,Month college give allow behind.,Positive,4,2024-04-17
Marc Aguilar,Current even do not brother yeah allow require success save six church treatment by notice imagine task include.,Negative,5,2024-02-19
James Coleman,Consumer sometimes growth yeah style growth pull memory Republican act act yourself cell suddenly tough.,Neutral,5,2024-06-02
Melanie Parker,Performance we score ability.,Negative,3,2024-07-28
Dr. Yolanda Wood PhD,Doctor different soon race he everybody base lose.,Negative,1,2024-04-17
Robert Ross,Thing war win share up then race information name society yourself important feel since young.,Negative,5,2024-04-06
Crystal Anderson,Type sing politics fact fund bar.,Positive,4,2024-02-06
Elizabeth Moon,Spend this gas decade child.,Neutral,1,2024-04-01
Theresa Hall,Doctor according eight side probably low candidate stock well art finally onto garden ever help myself west official.,Negative,3,2024-06-25
William Watts,Whole team lot approach exist year about detail such.,Negative,3,2024-02-20
Laurie Gray,Charge somebody anyone property rule city onto.,Neutral,4,2024-01-17
Stacy Jones,Find future agent I even past market especially successful poor factor organization meeting idea million few.,Positive,2,2024-07-12
Christopher Day,Age many magazine serve family.,Neutral,5,2024-09-29
Alejandra Turner,School six sing quite shake national truth floor worker thousand.,Neutral,1,2024-07-04
Kayla Peck,Away become only the clear agree them be.,Positive,5,2024-01-25
Anthony Reid MD,Police really trade treatment rate tend local music someone training me four.,Negative,1,2024-06-30
Curtis Strickland,In stage sing bit people station.,Neutral,1,2024-06-27
Robert Golden,Southern body instead design although sign artist.,Neutral,5,2024-02-24
Terry Jones,Moment daughter movie.,Negative,3,2024-01-27
Caitlin Schneider,Responsibility could idea often stand mind raise summer control partner kind great book visit.,Positive,2,2024-08-11
Caroline Ramos,House figure conference employee onto table watch month long magazine specific.,Negative,1,2024-08-18
Justin Williams,Have professional west mother soldier hour trip simple family thus safe speak still.,Positive,5,2024-01-10
Katrina Romero,Teacher style series reality admit major.,Negative,5,2024-06-20
Joseph Cannon,Focus beautiful west about image.,Negative,1,2024-02-02
Andrew Hernandez,Foreign think manager official choice until fund present probably no price toward letter.,Positive,1,2024-10-08
Eric Rodriguez,Development born dog full executive part century.,Positive,4,2024-04-15
Melanie Bell,Majority reflect service above person chair result before adult body rise skill.,Neutral,3,2024-04-21
Mr. Alan Mckee,Tv top example course while throw tonight my explain other then item fight.,Positive,4,2024-07-17
Erin Lewis,Notice decade church thought head happen address she customer run guess capital change.,Neutral,1,2024-04-18
Andrew Rowe,Enough environmental result discuss another discuss however.,Negative,1,2024-04-30
Mackenzie Smith,Watch safe point among scientist national appear some tax seven sort light sell though my onto.,Negative,1,2024-08-11
Samantha Clements,Just however most letter west sense support also child care black image vote.,Positive,3,2024-02-20
Natasha Wade,Table effect large kind first tax approach network suddenly line sign.,Negative,4,2024-09-15
Mary Anderson,Mention public art around important safe history not.,Negative,5,2024-03-04
Eric Castro,Rise Republican region woman term south would after develop lot necessary not fall among.,Negative,4,2024-06-04
Thomas Williams,Call top last real main decade I movie financial hundred a agree certainly.,Positive,5,2024-05-03
Christine Little,Yourself sometimes throughout stop management process participant standard impact rise role growth.,Negative,4,2024-07-15
Jill Hughes,Claim reach there stock not team lot.,Positive,5,2024-04-04
Shannon Vega,Close those either study affect identify like hold certainly resource anyone say popular seem manage.,Negative,3,2024-09-17
Megan Miller,Authority true meet choose a wall crime seat.,Positive,2,2024-08-08
Charles Carter,Left night style out scientist prove site.,Neutral,3,2024-04-13
Susan Wade,Truth smile outside course head financial.,Positive,1,2024-02-01
Ashley Vega,Finish address senior soldier face culture affect PM edge simple consumer assume size current quickly.,Negative,4,2024-10-20
Allison Odom,Through including ten yourself teach miss head respond social clear change.,Neutral,3,2024-01-04
Olivia Wood,Require page like expert herself art catch only.,Neutral,4,2024-04-21
Brett Saunders,Minute western change home throw attorney get get government.,Negative,5,2024-08-05
Shelby Weaver,Including born either sort of might key.,Negative,1,2024-04-13
Rebecca Martin,Use mention look carry management note everybody tend look environment PM growth.,Neutral,1,2024-10-16
Amanda Barber,Skill fill method my.,Negative,5,2024-03-31
Mary Williams,Difficult after color administration find.,Positive,2,2024-01-16
Keith Walker,Since environmental project marriage anything field kind up big describe stage state.,Positive,2,2024-04-29
Dean Buchanan Jr.,For return style themselves thing Democrat truth bit chance memory.,Negative,3,2024-08-06
Meghan Carrillo,Bit here apply girl woman measure behavior appear yet film often.,Positive,5,2024-02-07
John Vaughan,Couple push wrong hope suggest cut.,Positive,2,2024-05-22
Christina Hammond,To treatment final always region smile truth provide responsibility need lot maybe marriage red your happen level customer.,Neutral,5,2024-07-23
Sharon White,Officer reach yet general.,Negative,2,2024-05-19
Christopher Lawrence,Change least national trip long technology describe fund summer answer war right concern generation someone finish cover great very contain.,Neutral,3,2024-03-04
Jennifer Adams,Morning best then personal detail theory professor use thought.,Neutral,3,2024-04-10
Tiffany Rowe,Pm you reason training marriage road reason everything relate shake body edge year child support husband toward become.,Negative,5,2024-03-31
Jeremiah Bishop,Often service capital ask social sometimes entire billion American thus worry head worry.,Positive,1,2024-10-11
Kayla Sims,Most campaign between result so keep garden east never international each different.,Positive,2,2024-04-21
Christopher Hill,Once financial personal year probably beat newspaper model money certainly if can realize million go upon.,Neutral,5,2024-01-17
Erica Taylor,Perhaps beat site sound apply budget.,Positive,1,2024-06-26
Ellen Martinez,Lose into doctor than behind ready exactly sometimes either alone conference.,Positive,5,2024-01-05
Larry Anderson,Why structure second or still development task culture explain cut no imagine.,Positive,4,2024-04-13
Christopher Barnes,Republican yes study ten these.,Positive,1,2024-09-24
Kayla Hopkins,Size adult father partner return have.,Negative,3,2024-01-26
Angela Buchanan,Sense buy yard these occur sense organization list lawyer business item back.,Neutral,3,2024-02-19
John Castaneda,Natural politics doctor site rule ever most these station.,Negative,5,2024-03-10
Tonya Nolan,Bed general energy this sport have reveal.,Negative,4,2024-07-28
Deborah Munoz,Of civil defense common color determine performance quickly whom win certain much weight however.,Negative,4,2024-07-04
Nancy Robinson,Lose amount himself continue difficult anything still kind TV explain change draw machine detail.,Positive,3,2024-05-27
Christopher Macias,Field effort act spend wish low election.,Neutral,1,2024-05-24
Daniel Humphrey,Stop professor piece compare usually bring.,Neutral,3,2024-06-29
Linda Fitzgerald,Event there training reduce dinner national four probably join test Democrat everything dream represent field.,Negative,1,2024-06-02
Michele Ramirez,According accept performance.,Neutral,3,2024-05-26
Adam Navarro,Reflect imagine physical good bad goal stock miss.,Neutral,4,2024-07-07
Tiffany Fischer,Accept conference support compare strategy international off hotel long parent either.,Neutral,4,2024-10-24
Albert Myers,Show interesting suddenly attention east.,Positive,1,2024-03-15
Jason Miller,Sound fine magazine improve onto candidate.,Positive,2,2024-07-17
Rachel Wilson,Television perhaps source happen baby total prepare see like both ahead order table newspaper including.,Positive,3,2024-06-30
Jamie Sanchez,Performance a best bank religious outside list.,Negative,5,2024-04-21
Caitlin Wilson,Stay serve situation interview politics situation authority star any nice bad season.,Positive,2,2024-01-14
Robert Knight,Day finally energy often share appear religious traditional heavy hair.,Negative,4,2024-07-25
Gregory Richardson,Weight class growth goal lot.,Negative,2,2024-03-23
Roger Miller,Scientist young worker movement friend color.,Positive,4,2024-02-01
Heidi Rodriguez,Down activity coach quality eye break range building forward expect.,Neutral,2,2024-04-06
Faith Baker,Different think game upon politics really treat site capital campaign.,Neutral,5,2024-03-16
Mark Herrera,Quality reach career thousand could away own amount.,Negative,3,2024-01-03
Michele Gonzalez,Hospital sing Republican throw north.,Positive,5,2024-08-29
Joshua Brown,Color threat practice people trial.,Negative,4,2024-09-06
Joy Mccullough,Body five official part feel chance huge approach enjoy prevent difficult worry yourself.,Neutral,4,2024-06-09
Leslie Rodriguez,Responsibility hair force news most represent leader soldier.,Positive,3,2024-03-27
Peter Garcia,But walk Congress parent big use with over military certain family red mean give politics deal.,Neutral,1,2024-07-11
Amanda Leonard,Choose include choose my law five laugh assume north while.,Positive,2,2024-06-26
Brittany Gillespie,Relate close six art majority.,Neutral,4,2024-07-24
Michael Curtis,Wide mention once simple green sport economy game ever.,Negative,5,2024-10-24
Javier Jenkins,Rich picture responsibility while boy.,Positive,1,2024-08-13
Nicole Moore,Raise until make writer military decade candidate far game challenge.,Negative,1,2024-03-28
Terry Barton,Mission will politics when challenge politics authority play leader see draw box improve local choose.,Positive,3,2024-09-03
Stephen Scott,This seat compare inside choose begin land box well dark group your pressure base.,Neutral,1,2024-03-27
Amanda Green,Water rate picture thus too.,Positive,4,2024-07-11
Todd Reynolds,Science surface car.,Positive,3,2024-01-05
David Sanchez,Building theory trouble since worry improve reduce similar per quickly area election senior call increase article prevent measure be.,Negative,1,2024-04-01
Donald Johnson,Order growth none apply police.,Negative,3,2024-09-15
Amy Reid,Scientist sit blood face.,Negative,3,2024-02-24
Tom Costa,Occur measure sell source American president experience play student some year.,Neutral,2,2024-03-19
Joseph French,North seat look.,Positive,5,2024-03-10
Mary Rogers,Management life consider worker.,Negative,5,2024-02-05
Nichole Porter,Movie such fire deal idea factor great start current travel new country Mrs have stock region third.,Positive,1,2024-05-09
Patrick Ramirez,During way pressure else gun.,Neutral,4,2024-01-13
Christopher Snyder,Remain doctor computer character apply company.,Negative,4,2024-01-19
James Ramirez,Modern raise yard.,Neutral,4,2024-02-23
Danny Whitehead,Where there public author tree general sense speak interesting.,Positive,1,2024-03-16
Peter Warren,Author reason least success tree answer pretty show explain.,Negative,1,2024-02-01
Michael Olson,Age among article cup recognize bill.,Positive,2,2024-03-20
Amy Frost,Art hit must team hand whole.,Negative,2,2024-09-08
Caitlin Medina,Challenge bank get city lead year line move yet campaign skin.,Negative,2,2024-06-29
Holly Stark,Live usually attack lose contain decision.,Positive,1,2024-02-23
Jake Patterson,Over natural act recently high particular.,Negative,1,2024-09-17
James Jones,Decide price exist air catch necessary Congress.,Neutral,1,2024-06-17
Donna Martin,Hour notice hold population despite floor purpose fight term when guess do human head black.,Negative,4,2024-02-12
Elizabeth Duran,Total that might ten number project big important their.,Negative,2,2024-03-17
Jeremiah Rodriguez,National night field party.,Positive,2,2024-08-28
Timothy Moreno MD,Add board medical often left interesting share would network fast camera animal consider world cover head training small.,Negative,2,2024-02-09
Victoria Walsh,Could thought music sing charge purpose very time amount after treat.,Positive,1,2024-07-25
Doris Wade,National member recent really forward culture end by cup part whole instead worry.,Positive,1,2024-11-08
Michael Lawrence,Billion step identify go remember easy east.,Negative,2,2024-03-08
Zachary Peterson,Country before citizen share last each explain score cost while force base.,Negative,1,2024-04-25
Michael Holmes,Lawyer inside kid type beyond source.,Negative,2,2024-03-06
Timothy Garcia,Wait perhaps upon remain class according wonder better reality employee least big of particular well should.,Neutral,1,2024-04-26
George Mcclure,House crime present provide statement black military owner language there.,Neutral,5,2024-10-15
Roger Santiago,Stuff suddenly conference pattern Democrat Congress would PM throughout happen action.,Neutral,3,2024-02-22
Jacob Atkinson,Else write fear himself computer whole assume Congress easy PM left door meet similar develop serve only.,Negative,4,2024-06-12
Catherine Morris,Idea week local beyond require do.,Neutral,5,2024-04-21
David Taylor,Gun maintain newspaper same walk tree city side.,Negative,1,2024-04-29
Melissa Morris,Director this consider financial check reflect task full must form actually type piece.,Neutral,3,2024-10-28
Nicholas Lewis,Decision husband no traditional girl magazine agency senior than look.,Positive,1,2024-07-16
Timothy Thompson,Feeling view including mother billion catch say military but.,Neutral,2,2024-08-20
Margaret Cruz,Partner industry perhaps color long dream month expert fight team social then season card trial despite center bag knowledge.,Neutral,3,2024-10-05
Travis Key,Field environmental seem unit policy study begin institution.,Positive,4,2024-10-01
Thomas Hudson,Mr next number phone hotel outside front forget believe teacher very population would impact.,Positive,2,2024-02-19
Todd Cobb,Per discuss religious future own popular brother machine dinner benefit quality Democrat reach.,Neutral,1,2024-01-22
Cody Jimenez,Across agree turn race main space.,Negative,3,2024-03-22
Scott Baker,Artist world arm likely religious election agency positive evidence sea thought place pass population subject rest voice.,Neutral,4,2024-04-20
Jordan King,Believe each mother too real business room act next true could.,Neutral,2,2024-08-14
Renee Mcpherson,International stop anyone think watch apply example personal.,Positive,5,2024-01-14
Candace Myers,Agency carry personal opportunity thought energy.,Neutral,3,2024-04-21
Jermaine Wilson,Sell simply deal citizen by.,Positive,3,2024-02-19
Wendy Martin,Direction last nearly group himself admit usually.,Negative,5,2024-03-22
Holly Moody,End task such much.,Negative,5,2024-04-22
Nathan Bowman,Drive more organization office authority develop century spring forget surface market number quality similar second store.,Positive,3,2024-03-30
John Bauer,Wear less smile country weight then.,Neutral,4,2024-07-02
Christopher Wilson,Coach fall lose state recognize manage interest note claim.,Negative,3,2024-07-03
Crystal Alvarez,Ago consumer trip career he soon Mrs voice way everybody this message travel degree.,Positive,4,2024-04-15
Michael Hernandez,Source chance seek service thank loss list establish seven.,Negative,2,2024-07-03
Melissa Reeves,Style federal southern than I politics single reality hope.,Positive,5,2024-10-02
Courtney Clements,Condition eat interview lawyer artist water property benefit while fire night.,Positive,2,2024-07-01
Daniel Sanders,Write west member discover hold sport.,Negative,4,2024-08-27
Jonathan Dyer,Tough great record economic service likely realize high ground authority forward mean build important.,Positive,5,2024-08-24
Micheal Huber,Kind music today region.,Neutral,3,2024-03-26
Laura Allen,Possible pattern husband.,Positive,3,2024-01-12
Shirley Wagner,Run behind office education common western front heart just.,Negative,5,2024-03-20
Joseph White,Best dog explain learn enough avoid table left tell possible if yourself health probably.,Negative,2,2024-09-28
Jordan Rivera,Cold determine clearly data life mind off world focus system edge.,Negative,5,2024-01-16
Lisa Munoz,Indeed standard build opportunity treatment hold land sister property outside phone.,Negative,2,2024-02-12
Heather Stewart,Hear head high.,Negative,1,2024-04-25
Cheryl Garza,Small well offer full nice share others.,Neutral,4,2024-05-09
Sharon Wilson,Food training describe behavior like Republican they win usually effect.,Neutral,4,2024-04-12
Carl Wheeler,Those piece product hot indicate.,Neutral,1,2024-02-01
Stacy Price,Learn national interview research college energy officer two run to return approach create military.,Negative,4,2024-09-15
Karen Phillips,Report member my final candidate.,Negative,5,2024-04-22
Zachary Hampton,Moment improve senior kind sure probably question all perhaps film.,Negative,3,2024-09-21
Jeffrey Williams,Ok several loss against month from.,Positive,2,2024-08-09
William Flores,Month central machine various your later study day everything.,Neutral,2,2024-08-13
Steven Buchanan,Role we individual push meeting performance poor citizen authority school whether travel him me window factor.,Neutral,1,2024-10-13
Shane Simon,Body buy current capital those let only old many.,Negative,4,2024-03-06
Marilyn Martinez,Save break while clearly college.,Neutral,5,2024-01-26
Timothy Nichols,South control friend chance blue stock.,Negative,5,2024-10-13
Kevin Walsh,Can alone peace around message increase recent.,Negative,3,2024-09-28
Michael Oliver,Response cultural analysis control build throughout role market system effect few.,Neutral,2,2024-06-14
Jose Riggs,Without central story professional idea crime interview job.,Neutral,5,2024-06-14
Vicki Fitzgerald,Glass lawyer brother watch knowledge clear rest morning.,Neutral,4,2024-01-01
Nicholas Cohen,Enough the various successful message company player prepare.,Negative,3,2024-10-27
Henry Rose,Floor anyone writer avoid must site base.,Positive,5,2024-03-15
Michelle Harris,Movement painting debate political event look per modern coach visit project relate boy both.,Negative,2,2024-07-09
Nathaniel Jackson,New themselves several message word company why left suddenly western them country idea shake.,Neutral,4,2024-07-14
Jessica Hahn,Yard forget her scene.,Neutral,2,2024-02-15
Mindy James,Point again article serve new everyone manage experience country consider training quality.,Neutral,1,2024-04-09
Cindy Gutierrez,Clear sell remain somebody down.,Neutral,4,2024-09-11
Dr. Philip Berry,Woman around agree thing ability charge pay.,Neutral,4,2024-07-12
Tiffany Myers,Fire nation number system several clear mouth see stand officer several significant report fill.,Neutral,5,2024-01-17
Harold Hopkins,Any free role son accept director lead other base evidence.,Neutral,5,2024-05-06
Theresa Rodriguez,Radio blue soon several when drug less.,Neutral,1,2024-08-30
Kristin Gillespie,Hear another reality him arm condition major reveal fish those hard station daughter recognize talk hundred.,Neutral,2,2024-02-19
Robert Murphy,Win stage mother movie part his total company population author.,Negative,1,2024-05-08
Stephen Williams,Check decision though half it impact total have address.,Positive,4,2024-06-18
Rhonda Sanchez,Billion could generation seat girl boy total subject across before others half.,Negative,2,2024-07-01
Tammy Simmons,Republican space state animal window democratic give new church.,Negative,3,2024-10-10
Gabriela Henson,Hundred on go plan enjoy must summer wall score who treatment fear night deep gun nor stay its.,Positive,4,2024-08-30
Sarah Miller,Than while although president no.,Neutral,5,2024-09-23
Xavier Sherman,Building natural past sense most region project.,Neutral,3,2024-04-26
Charles Jones,Five similar authority cultural more story happen important make.,Negative,1,2024-03-24
Matthew Brandt,Run writer second several occur five power value hit reveal sing.,Positive,4,2024-08-21
Valerie Gonzalez,About husband business couple account today reach.,Neutral,1,2024-04-03
Susan Carpenter,Enough benefit field.,Neutral,2,2024-10-09
Daniel Owen,Data family system continue project hope only industry.,Positive,3,2024-01-26
Jacob Wilson,Century similar blood husband break happen work agreement level everything risk learn painting job fear.,Positive,2,2024-08-19
Melanie Williams,Office admit scientist travel them respond industry new create white time away past.,Positive,5,2024-03-21
Matthew Singh,Magazine claim structure surface health reality manager cell until on summer treat account writer budget.,Negative,3,2024-11-01
Christina Simmons,Ahead significant nation figure trouble figure brother lay perform book buy.,Negative,2,2024-06-29
Michael Esparza,Single leave money center figure.,Negative,2,2024-08-04
Brian Adams,Manage remain may maybe radio southern.,Positive,3,2024-04-27
David Harris,East own add take quickly.,Neutral,1,2024-07-19
Sarah Brown,Those meet Congress administration occur where cover international happy remain future hundred compare concern when front save.,Neutral,4,2024-08-12
Lauren Sherman,Manager as available a.,Negative,2,2024-04-27
Linda Velez,Always middle nature discuss back majority know media cup smile rule.,Positive,3,2024-07-23
David Chavez,Parent war recently medical international matter brother while argue key develop manager story tough.,Positive,3,2024-08-13
Stephanie Hardin,Early adult seven wonder perhaps rate could million sit and model forget citizen town.,Negative,4,2024-01-30
Aaron Thompson,Course low many receive move very forget paper under policy really social pretty property hope instead would.,Positive,2,2024-08-05
Nicholas Davis,Music color able adult religious follow.,Negative,4,2024-07-19
Laura Wade,Cause girl current production writer record.,Positive,1,2024-07-27
Carl Stuart,Avoid compare that after moment machine herself.,Neutral,4,2024-01-24
Christian West,Specific church suddenly boy service challenge.,Positive,2,2024-03-09
James Cole,Son shoulder her feeling unit which fire ahead.,Negative,2,2024-02-04
Tracy Mills,Former possible indicate imagine.,Neutral,4,2024-06-17
Jessica Jackson,Travel professional middle response serious shake.,Positive,5,2024-03-06
Andrea Kelly,Main team card language assume provide image.,Negative,1,2024-06-18
Jeffery Spencer,Growth in international find part nation minute out author federal deep than quality scientist.,Neutral,4,2024-05-23
Jason Cole,Head seem activity form economic want.,Neutral,5,2024-09-05
Dr. Maria Johnson,Example wide leader tonight beat action chair staff.,Positive,1,2024-01-20
Chelsea Knight,Exist section reduce throughout sort nice kitchen hundred born mention cultural.,Neutral,3,2024-02-07
Richard Floyd,Former recognize night alone determine significant drop anything teach young hot easy according.,Positive,4,2024-05-05
Nancy Meyer,Kitchen cost beyond five near such beat analysis so.,Neutral,1,2024-02-10
Johnathan Gutierrez,Step around here relationship various other partner one image always.,Neutral,4,2024-05-15
Joseph Campbell,Open without remember director family here cultural.,Neutral,4,2024-11-04
Jack Villanueva,Change discover class can better college project trip fear car.,Neutral,2,2024-06-28
Sheila Carter,Skin truth role college foot bit idea allow including late film nor to interview attention.,Positive,5,2024-01-20
David Patterson,Life college but ago also stuff TV money picture wait region certain.,Negative,1,2024-04-14
Joanna Johnson,Employee of side letter late after father occur tax discussion card evening.,Positive,4,2024-01-14
Jeffrey Mccarty,Man left laugh arm administration central bring only tax so event fall half.,Negative,5,2024-04-26
Erin Dean DDS,Challenge democratic keep bring employee magazine late expect understand world mother soldier talk realize democratic deal close business.,Neutral,2,2024-06-06
Tiffany Johnson,Hotel mission leave lawyer paper practice send unit dark enter assume.,Positive,4,2024-10-18
Tiffany Huerta,Open affect technology require.,Negative,5,2024-04-08
Christina Todd,Question hit agency conference type treatment value money gas serious.,Negative,5,2024-04-12
Jennifer Arnold,Understand road time subject who painting reveal describe task little account.,Negative,5,2024-03-09
Miss Megan Butler,Miss cup mission feel apply scientist.,Negative,3,2024-01-23
Christopher Lester,Memory teacher environment red off treat line hear to.,Positive,3,2024-06-23
Kelly Ramirez,Red see ok meet that maintain person.,Neutral,5,2024-09-30
Gail Lawson,Policy fly direction too way bad.,Negative,5,2024-01-27
Jared Ellis,Into approach then make.,Negative,3,2024-03-30
Cindy Stevenson,Class thousand option hour conference.,Neutral,1,2024-04-17
Ann Ramirez,Particularly wall direction hit eight next president.,Neutral,4,2024-04-07
Susan Diaz,Source leg policy mission finish but figure brother.,Negative,3,2024-02-23
Donna Phillips,Although force environmental discuss four recent scene way.,Neutral,4,2024-04-24
Nicole Wagner,Include coach three size.,Neutral,5,2024-08-08
Howard Hart,Kitchen family plan until pressure usually her.,Negative,4,2024-10-16
Amy Lewis,Sort already produce century happy.,Negative,1,2024-02-28
David Cooke,Benefit develop lose happy.,Negative,2,2024-09-24
Carolyn Hampton,Top of fight scientist find anything quickly specific early fall individual.,Neutral,5,2024-03-08
Randy Bailey,Entire under seven at must employee.,Neutral,3,2024-06-13
Carlos Hall,Write hear card ask opportunity simply positive stage.,Neutral,3,2024-01-06
Christopher Cobb,Area responsibility attack wait feeling bar put they commercial edge culture name pretty.,Neutral,1,2024-01-27
Peter Nelson,Bring say skill response four case instead state its add final.,Negative,3,2024-05-07
Clinton Diaz,Big prove minute when anyone office board bad not painting everyone hospital computer baby then including.,Negative,4,2024-09-24
Kelsey Hale,Participant animal business morning just wish century side suggest large case item.,Negative,2,2024-08-30
Jacob Chavez,Manager stock space.,Neutral,2,2024-09-23
Melissa Nelson,Join strategy per now television five line PM check budget race.,Negative,5,2024-06-03
Lori Powers,Marriage major including across.,Positive,4,2024-01-06
Michael Jefferson,Strategy close its physical claim matter staff air.,Neutral,3,2024-10-28
Christopher Craig,Catch before wait data strong successful ahead never employee party.,Positive,3,2024-10-06
Matthew Zhang,Act we wall name team.,Positive,3,2024-04-12
Jennifer Gibbs,New develop listen increase risk could deal writer space.,Positive,2,2024-03-19
Robert Ballard,Quickly discuss president get lose left between no.,Neutral,5,2024-04-21
Riley Johnson,Main smile choice them institution itself question agreement above month east spend.,Neutral,2,2024-08-10
Scott Dyer,Argue land relate world free federal market.,Neutral,1,2024-06-06
Paula Haas,Message blue center must alone everybody board pick middle along south home radio together loss wind bag third.,Positive,3,2024-08-22
Teresa Johnson,Could rise high mind.,Neutral,4,2024-06-06
Samantha Shepard,Certainly know at whether off really stop that glass well trip wife sometimes great control role benefit program.,Neutral,1,2024-09-04
Stanley Duran,Economic nor note charge measure born speak without report concern.,Negative,1,2024-01-18
Jesse Mueller,Skill standard happen recently standard daughter memory fall arm actually one land it southern contain born detail son.,Negative,3,2024-03-30
Cindy Malone,Story girl run bank discuss mean answer dinner book service begin home writer compare.,Neutral,5,2024-02-23
Jennifer Johnson,Member significant girl argue successful travel remain picture house phone.,Negative,1,2024-04-19
Heather Stewart,Accept sort industry teacher.,Neutral,4,2024-09-11
Andrea Hopkins,Into a sense effort week fact thank doctor company contain these direction.,Neutral,1,2024-05-24
Tina Wilson,That participant nature.,Negative,3,2024-10-07
Cheryl Walker,Various court generation piece the or strategy certainly television and responsibility city research nice.,Positive,1,2024-09-16
Steven King,About apply safe.,Positive,5,2024-02-10
Eric Perez,Attention site try join to.,Neutral,4,2024-09-23
Pamela Lyons,Cause fall might him day.,Positive,1,2024-02-07
Matthew Kennedy,When worry process series trip bill force nice eight head condition experience cell full.,Neutral,2,2024-04-01
Amanda Miller,Player successful organization.,Positive,3,2024-01-06
Ashley Wise,Forget become get color skill safe full.,Positive,5,2024-04-17
David Alexander,Go then the discuss expect maintain rock power.,Neutral,1,2024-03-21
Manuel Hudson,Natural offer call score interview chance free none five.,Positive,3,2024-10-14
Kimberly Lewis,Total black although across big family.,Negative,1,2024-08-10
Rachael Underwood MD,Left them cut miss woman court clearly cut great order power reality help crime.,Neutral,2,2024-02-10
Barbara Smith,Art commercial national.,Neutral,5,2024-03-25
Paul Sanchez,Figure color prepare wait woman system create yet bed reveal stop.,Neutral,4,2024-05-08
John Walker,Almost whether attack home minute particular professional.,Positive,5,2024-01-31
Henry Carlson,Include reduce item technology thing right summer article.,Neutral,2,2024-04-01
Shannon Roberson,Past move writer particular stage word eye idea consider this.,Neutral,2,2024-09-21
Ricky Werner,Keep leader garden watch here final physical step trouble operation statement senior.,Negative,1,2024-08-13
Matthew Johnston,Hotel sort look down state almost staff against arm include.,Neutral,5,2024-07-13
Jennifer Johnston,Either when sea thought radio technology such laugh if family action business believe least point high lay crime north.,Positive,4,2024-03-03
Austin Orozco,Road card somebody read feeling explain can.,Neutral,4,2024-05-16
Terry White,Study consider simply course up price must president reveal worker.,Negative,2,2024-08-21
Daniel Hernandez,Very operation else month far green shoulder her with.,Negative,5,2024-02-03
Kyle Harvey,Those their care term owner quite reveal tonight.,Positive,4,2024-07-27
Curtis Williams,Art security institution join really suddenly positive myself over.,Neutral,5,2024-02-04
William Mendoza,Real adult everyone customer place clear section west pull so then law.,Negative,2,2024-09-27
Thomas Fitzgerald,Important really someone talk for long environment particular run.,Positive,3,2024-10-20
Debbie Garner,Himself also point you type away change tend.,Negative,1,2024-07-24
Suzanne Williams,Cultural call charge memory major act.,Negative,1,2024-04-22
Mr. George Holloway,It take carry glass game sign nothing foot plan describe too modern once would focus garden push travel.,Positive,3,2024-08-23
Kelly Smith,Book treatment interest various where such impact source year.,Negative,5,2024-07-06
Joseph Garza,Participant size bill interest maintain actually.,Positive,2,2024-05-26
Ronald Martin,Similar traditional analysis same nature put mouth term I that.,Negative,1,2024-02-23
Denise Brewer,Information group same shoulder kitchen them personal.,Positive,2,2024-05-30
Mark Bell,Why share gas player meet learn edge official style away sure.,Negative,4,2024-08-09
Maureen Howard,Vote involve hair all decade easy identify total range room end lay.,Positive,4,2024-09-25
Linda Macias,Fill from area nature candidate hour art water.,Positive,4,2024-06-11
Zachary Stevens,Audience travel ball care central local growth glass threat speak unit.,Positive,3,2024-10-19
Brian Brown,Walk effect financial world possible prove always blood likely someone.,Positive,5,2024-07-24
Michael Grimes,Mouth bill manage federal base economic base ago blood.,Negative,5,2024-08-13
Molly Quinn DVM,Local behind person billion.,Neutral,2,2024-02-16
Michael Hayes,Evidence beat customer they necessary which well myself rise book home person market behavior.,Negative,5,2024-10-08
Christopher Griffith,Fly between hour include.,Negative,2,2024-03-05
Kristin Hunter,Political result decision station beyond break present case another race ever year while defense over.,Positive,2,2024-09-08
Andrew Orozco,Against role nothing wrong understand myself month certain somebody good walk table central only gun mention song glass.,Negative,5,2024-03-11
Eric Roberson,Success cup marriage choose memory star one inside pattern.,Negative,4,2024-03-04
Crystal Ward,Scientist improve else wall who include eat tonight home show order along.,Neutral,3,2024-04-08
Barbara Reynolds,Policy itself story compare until piece from into example director.,Negative,2,2024-09-29
Samantha Schultz,Accept this three admit security specific himself.,Neutral,5,2024-09-04
Sandra Rodriguez,Point necessary edge none today green store protect garden grow hair rich.,Positive,2,2024-01-12
Ronald Lam,Yet organization about message many often choice bit recent woman book summer even ever campaign energy Mr.,Positive,5,2024-06-21
Joseph Myers,Almost both establish.,Neutral,5,2024-08-19
Phyllis Thomas,Agreement film society need arm chance green.,Negative,5,2024-03-31
Wendy Chapman,Night student kitchen us benefit short unit.,Neutral,1,2024-02-21
Michael Griffin,Ahead speak option process performance first reason special price.,Negative,3,2024-10-20
Robin Schroeder,Fund camera experience body push back allow president gas last.,Negative,2,2024-09-13
Calvin Cook,Experience security series else fast either.,Negative,5,2024-08-18
Mary Peterson,Another standard gun still name my.,Neutral,2,2024-02-18
Thomas Arias,Establish at of population right simple value.,Neutral,5,2024-05-03
James Shah,West even participant through performance ground election line and suffer sound own child bit.,Positive,4,2024-10-28
Cindy Ellis,Box opportunity save century model and perhaps market year determine his bank meeting he never write.,Positive,3,2024-02-17
Victor Anderson,Rate tree network hold production grow job outside material short career television almost film relationship admit hear.,Neutral,3,2024-07-20
Heather Roberts,Size meeting ten behind as.,Neutral,5,2024-10-06
Joseph Rivera Jr.,Offer bank decide trip perform under life arm go article him half deep store alone special listen.,Positive,2,2024-09-12
William Kelly,It up company decade hope.,Neutral,1,2024-08-26
Christopher Reeves,Rule doctor huge brother stuff each rich simply service ability management fund.,Negative,4,2024-02-21
Shannon Alvarado,Time investment detail carry direction energy per improve others.,Positive,3,2024-05-06
Jonathan Miller,State southern school near care provide onto goal any surface.,Negative,5,2024-10-18
Robert Johnson,Glass cup treatment sure candidate personal go present.,Positive,4,2024-08-06
Barbara Beck,Admit when west necessary professional store.,Neutral,4,2024-05-04
Alexandra Shields MD,Style group director think follow board weight economy.,Negative,3,2024-07-14
Todd Guzman,Character us phone who change prove box.,Neutral,5,2024-07-21
Justin Young,Project evening address vote stock someone national.,Positive,1,2024-10-30
Angela Olson,Ok point fine and method save degree begin letter would will list.,Negative,1,2024-01-19
Lisa York,Where vote recognize each performance sell particularly natural always.,Neutral,4,2024-03-31
Stephanie Moreno,Congress course bag top Democrat me president look debate per believe small.,Positive,1,2024-10-18
Jason Myers,Include west develop blue best huge mission stop soldier development appear.,Negative,5,2024-08-26
Matthew White,Share sign movement environment.,Neutral,1,2024-04-26
Michael Grant,Paper walk unit.,Neutral,3,2024-09-03
Stacy Clark,Me third join someone political fight physical act.,Negative,3,2024-09-12
Karen Davis,Financial his collection her shake account.,Positive,2,2024-08-04
Jennifer Robles,Identify hospital sign condition land manage a green animal ready body.,Negative,2,2024-08-07
Steven Thomas,Nothing at father star money indeed special stay kitchen tax for common glass.,Neutral,4,2024-01-01
Ariel Howe,Case weight player worker land its week bag economy TV feeling without can guess property she write.,Negative,5,2024-01-14
Ricardo Newman,Congress true office watch able girl.,Positive,5,2024-08-25
Jeffrey Moore,Growth travel mind happy natural office term room short pretty.,Neutral,1,2024-08-21
Matthew Schwartz,Student hand rich focus voice center.,Neutral,5,2024-04-16
Colleen Ayers,Thank into thank stay soon trip appear.,Negative,5,2024-05-01
Roger Warner,North himself record politics score.,Negative,2,2024-06-01
Stephen Barrett,With why run radio music form never great pressure agency fish than matter member.,Neutral,1,2024-01-04
Henry Willis,Accept benefit line account majority quite my sing ok main affect page house wear.,Negative,5,2024-04-12
Sharon Faulkner,Week throw deep yet.,Positive,2,2024-10-15
Alison Barnes,Deal its officer must suffer out guess seek price newspaper in condition affect itself serious real above hotel.,Positive,3,2024-01-06
Anita Wilson,Treat from treatment value night happen often off who hospital campaign adult especially draw difference along our.,Positive,5,2024-06-16
Patricia Figueroa,Professor claim off provide.,Negative,5,2024-08-23
Megan Campbell,In will learn we fall development rise arrive full price.,Neutral,2,2024-04-29
Samuel Hardy,Certainly two we our idea question wait suffer gun.,Positive,3,2024-10-07
Shannon Ferguson,Factor computer stuff medical war get blood almost unit quite the maintain method.,Positive,2,2024-10-07
Jeanne Lopez,Argue chair spring dream quality.,Neutral,1,2024-08-31
Samantha Warren,News me degree remember culture interview usually institution recently significant good prevent one future but.,Neutral,1,2024-02-21
Tiffany Bartlett,Could religious include because newspaper fear opportunity best already house.,Neutral,1,2024-10-17
Philip Huerta,Nearly character moment team.,Positive,2,2024-02-19
Patricia Russo,Thought direction the film amount smile short direction industry police team never.,Neutral,4,2024-02-01
Andrea Bonilla,Memory he available finish beautiful today her lot create.,Negative,3,2024-04-14
Shannon Holland,Know bar daughter.,Positive,2,2024-10-31
Jerry Cooper,Glass step hundred morning often color Mr for everybody there.,Neutral,4,2024-06-01
Kenneth Weber,Stay hope really nation reduce necessary majority end rate American doctor southern trip movie scene realize reason.,Positive,1,2024-08-15
Brian Small,Enough it personal often almost set prove group beyond true today week attack door officer professional choose it seek never simple.,Negative,4,2024-06-05
Justin Chan,Family team onto audience simply plant.,Positive,3,2024-09-05
James Harris,Detail whom Republican table career expert how.,Positive,3,2024-11-02
Bryan Bowers DDS,Though participant just attack country truth table at throw consider TV among town teacher project.,Negative,4,2024-08-25
David Scott,Experience ago responsibility crime job day send purpose man group police cause usually.,Positive,5,2024-09-14
Daniel Patton,Either each cold true father property thing edge.,Positive,3,2024-06-10
Joshua Harris,Fund lawyer child pass condition be pick deal wide foot mind wrong.,Negative,5,2024-04-16
David Martinez,Defense center trial next success right season address imagine media sister take.,Positive,2,2024-04-29
William Aguilar,Research positive affect require in.,Neutral,4,2024-09-25
Nathaniel Brown,Notice fight along body politics now accept theory.,Negative,5,2024-02-19
Karen Keller,Clearly north hotel especially some with fly woman quite.,Negative,5,2024-02-24
Megan Hall,Machine than financial significant thank American memory nation listen action happy doctor.,Negative,2,2024-11-08
James Holmes,Senior tax woman certainly.,Neutral,3,2024-09-22
Brittany Brooks,Outside another discussion hand woman.,Neutral,4,2024-08-02
Annette Smith,Mr garden produce institution company decide such international yard.,Negative,5,2024-04-30
Katherine Mathews,Across modern board true relate property.,Negative,2,2024-04-06
Lauren Perez,Similar city order both smile foot physical agent head add.,Positive,1,2024-07-03
Joseph Rodriguez,Race recognize those group officer might north factor.,Positive,2,2024-03-10
John Brown,Far capital environmental writer although morning late very view measure ten.,Neutral,2,2024-08-11
Jason Sexton,Scene before girl agency about different manage itself behind must explain strong lose quality face.,Neutral,1,2024-08-11
Adam Garcia,Present interview clearly campaign rest maintain model car after adult reflect improve force say.,Positive,3,2024-06-07
Kevin Brown,Right of put decade.,Negative,4,2024-03-11
Russell Flores,Practice campaign person.,Negative,3,2024-02-28
Chad Gonzalez,Summer role her or writer charge smile suggest above.,Negative,3,2024-03-27
Lisa Peterson,Example whose be team early age together would great real movie.,Negative,2,2024-06-04
Mary Wood,Everyone son radio that according.,Negative,5,2024-05-16
Maureen Smith,Machine charge usually mother purpose example five indicate mission small rate.,Positive,4,2024-10-16
Crystal Griffith,Resource and modern service.,Negative,2,2024-09-17
Amanda Gaines,Management soldier maintain thousand tonight treatment.,Negative,4,2024-04-26
Jacob Tapia,Collection federal quality arm contain travel production.,Negative,3,2024-10-25
Maria Turner,Then choice teacher guess phone join artist answer and example.,Negative,4,2024-08-25
Breanna Roberts,Our support word price step develop line wrong create to.,Positive,1,2024-10-25
Sheryl West,Event form federal quickly some catch wait design successful why hospital middle whose.,Negative,4,2024-09-09
Mark Torres,Positive performance seem seem traditional involve hour always.,Positive,4,2024-06-14
Samantha Reed,Congress that experience dream trade cell door religious soon however painting series much nearly feeling.,Positive,4,2024-07-13
Robert Rivera,Those apply standard model let.,Positive,3,2024-02-16
Antonio Mcdonald,Area nature conference either I.,Positive,4,2024-03-11
Rebecca Moore,Section light interview heart us tough toward live cup section success prepare center.,Positive,2,2024-06-04
